공고명,회사명,직무,마감일,고용형태,연봉,근무지,학력,기술스택,링크
백엔드 엔지니어 (NodeJS),데이터비,백엔드,상시,,,"서울 마포구 백범로31길 21 서울창업허브 별관 404호
·",대학교졸업(4년) 이상,"[""Node.js"", ""AWS"", ""Python"", ""AdonisJS""]",https://www.jumpit.co.kr/position/16273
Backend Software Engineer,에이모,백엔드,상시,,,"경기 성남시 분당구 판교로228번길17,이랜텍동9층(삼평동,판교세븐벤쳐벨리2)
·",대학교졸업(4년) 이상,"[""Python"", ""Flask"", ""MongoDB"", ""MySQL"", ""Redis"", ""ElasticSearch"", ""Docker"", ""Kubernetes"", ""AWS"", ""Azure""]",https://www.jumpit.co.kr/position/595
"Node.js 백엔드 개발자, IoT플랫폼 개발자",씨케이스택,백엔드,상시,,,"경기 성남시 분당구 판교로255번길 9-22, 510-1호 판교우림W-CITY
·",대학교졸업(4년) 이상,"[""Node.js"", ""MySQL"", ""Redis"", ""MQTT"", ""Python"", ""AWS""]",https://www.jumpit.co.kr/position/1622
백엔드 엔지니어 (Python),데이터비,백엔드,상시,,,"서울 마포구 백범로31길 21 서울창업허브 별관 404호
·",대학교졸업(4년) 이상,"[""Python"", ""기술이 아님"", ""AWS"", ""Redis"", ""RabbitMQ""]",https://www.jumpit.co.kr/position/16274
[전문연구요원] 백엔드 엔지니어,로보코리아,백엔드,상시,,,"서울 강남구 테헤란로25길 7, 6층
·",석사졸업 이상,"[""TypeScript"", ""Nest.js"", ""MongoDB"", ""NoSQL"", ""MSA"", ""Datadog"", ""Grafana"", ""Prometheus"", ""AWS""]",https://www.jumpit.co.kr/position/9050
[JNPMEDI] 백엔드 개발자 신입 모집,제이앤피메디,백엔드,상시,,,"인천 연수구 컨벤시아대로 165, 포스코타워 송도 31층
·",무관,"[""TypeScript"", ""MySQL"", ""AWS"", ""Git"", ""Java""]",https://www.jumpit.co.kr/position/10504
백엔드 개발자 채용,피아스페이스,백엔드,상시,,,"서울 서초구 태봉로 114 양재AI허브 5층, 8층 피아스페이스
·",대학교졸업(4년) 이상,"[""Python"", ""Node.js"", ""기술이 아님"", ""NoSQL"", ""Git""]",https://www.jumpit.co.kr/position/16901
[코스닥상장사] 엑셈 C 개발자 (신입),엑셈,백엔드,상시,,,"서울 강서구 마곡중앙8로 5길 40 (마곡동) (주)엑셈
·",무관,"[""C / C++"", ""Git"", ""Redmine""]",https://www.jumpit.co.kr/position/9581
이커머스 서비스구축 개발자,더블미,백엔드,상시,,,"서울 중구 청계천로 24, 13층(케이스퀘어시티)
·",무관,"[""Node.js"", ""PostgreSQL"", ""AWS"", ""Git""]",https://www.jumpit.co.kr/position/16516
백엔드 개발자,더블미,백엔드,상시,,,"서울 중구 청계천로 24, 13층(케이스퀘어시티)
·",무관,"[""Node.js"", ""PostgreSQL"", ""AWS"", ""Git""]",https://www.jumpit.co.kr/position/16518
Node.js 개발자 모집(Backend)(병역특례),그린아이티코리아,백엔드,2023-06-30,,,"서울 송파구 문정동 642 테라타워 2차 B동 1115호
·",석사졸업 이상,"[""Node.js"", ""기술이 아님"", ""MSSQL"", ""MySQL"", ""PostgreSQL""]",https://www.jumpit.co.kr/position/15293
[F&F] Web Platform Team Portal Part - PHP 백엔드 개발자,에프앤에프,백엔드,상시,,,"서울 강남구 언주로 541
·",무관,"[""기술이 아님"", ""NoSQL"", ""Dockerized"", ""MySQL"", ""Oracle"", ""MongoDB"", ""Kafka"", ""PHP"", ""Spring""]",https://www.jumpit.co.kr/position/14644
[병역특례] 백엔드 개발(Node.js) 산업기능요원 모집,넛지헬스케어,백엔드,상시,,,"서울 강남구 역삼로1길 8
·",무관,"[""Node.js"", ""MySQL"", ""AWS"", ""PostgreSQL"", ""ElasticSearch""]",https://www.jumpit.co.kr/position/11999
시스템 프로그래밍 신입/경력 채용,엠투아이코퍼레이션,백엔드,상시,,,"경기 안양시 동안구 시민대로 327번길 11-35
·",대학교졸업(4년) 이상,"[""C / C++"", ""Qt""]",https://www.jumpit.co.kr/position/14546
[해커스 교육그룹] PHP 프로그래머 채용,챔프스터디,백엔드,상시,,,"서울 서초구 강남대로61길 23, 203호
·",고등학교졸업 이상,"[""MariaDB"", ""Linux"", ""기술이 아님"", ""AWS"", ""Git"", ""MySQL"", ""PHP"", ""Memcached"", ""Redis""]",https://www.jumpit.co.kr/position/10456
"[패스오더] 백엔드 개발자 (Spring, Python, MSA) (병역특례/산업기능요원/보충역/전직)",페이타랩,백엔드,상시,,,"서울 강남구 영동대로 85길 34, 6층
·",무관,"[""Python"", ""Java"", ""Jenkins"", ""AWS"", ""Redis"", ""PostgreSQL"", ""MSA"", ""Docker"", ""NGINX"", ""기술이 아님""]",https://www.jumpit.co.kr/position/6943
[서포티] Backend 개발(신입/경력),린온컴퍼니,백엔드,상시,,,"서울 강남구 강남대로 364 13층 1302호
·",무관,"[""Node.js"", ""Java"", ""JavaScript"", ""TypeScript""]",https://www.jumpit.co.kr/position/8901
미디어 서버 개발자,더블미,백엔드,상시,,,"서울 중구 청계천로 24, 13층(케이스퀘어시티)
·",무관,"[""Node.js"", ""PostgreSQL"", ""AWS"", ""Git"", ""Nest.js"", ""MSA""]",https://www.jumpit.co.kr/position/16515
[injewelme] node.js 백엔드 신입 개발자 채용,인졀미,백엔드,2023-06-27,,,"서울 서초구 태봉로 114 801호
·",무관,"[""TypeScript"", ""Node.js"", ""PostgreSQL"", ""SQL"", ""기술이 아님"", ""AWS""]",https://www.jumpit.co.kr/position/7733
[신입/경력] STO 플랫폼 서비스 블록체인 개발,블록체인글로벌,백엔드,2023-07-31,,,"서울 영등포구 여의나루로 57, 신송센터빌딩 10층
·","대학졸업(2,3년) 이상","[""Java"", ""Kotlin"", ""Docker"", ""Kubernetes"", ""Hyperledger Fabric"", ""Go"", ""Node.js"", ""Solidity""]",https://www.jumpit.co.kr/position/16841
가상발전소 플랫폼 백엔드 개발자/데이터 엔지니어,에이치에너지,백엔드,2023-05-31,,,"서울 강남구 학동로 402, 천마빌딩 5층
·",대학교졸업(4년) 이상,"[""Python"", ""MySQL"", ""Kubernetes"", ""Redis"", ""Docker"", ""GCP"", ""Linux"", ""기술이 아님""]",https://www.jumpit.co.kr/position/16158
PHP 개발자 (운영 및 유지보수),아파트스토리,백엔드,상시,,,"서울 서초구 강남대로 311, 1007호
·",무관,"[""PHP"", ""기술이 아님"", ""Git"", ""Docker"", ""JavaScript"", ""Bootstrap"", ""MySQL"", ""ES6"", ""K8S""]",https://www.jumpit.co.kr/position/5238
웹프론트엔드 및 백엔드 개발자 신입/경력 채용,엠투아이코퍼레이션,백엔드,상시,,,"경기 안양시 동안구 시민대로 327번길 11-35
·",대학교졸업(4년) 이상,"[""React"", ""Node.js""]",https://www.jumpit.co.kr/position/14544
[ESTsecurity] 정보보호 백엔드 개발자 (신입/경력),이스트시큐리티,백엔드,상시,,,"서울 서초구 반포대로 3, 3층
·",무관,"[""Python"", ""Django"", ""기술이 아님"", ""Docker"", ""Redux"", ""Git""]",https://www.jumpit.co.kr/position/16034
"서버 백엔드 개발자 (1년 계약직, 정규직 전환 가능)",클레온,백엔드,상시,,,"서울 중구 소월로2길 30 티타워 18층 클레온
·",대학교졸업(4년) 이상,"[""Kotlin"", ""Spring"", ""AWS"", ""Node.js"", ""Python"", ""Git"", ""Docker"", ""PostgreSQL"", ""MySQL""]",https://www.jumpit.co.kr/position/16860
ERP 서비스 개발(C#) 신입/경력 채용,기웅정보통신,백엔드,2023-06-30,,,"서울 금천구 가산디지털2로 98, 2동 613호, 614호, 615호
·",대학교졸업(4년) 이상,"[""C#"", ""C / C++"", ""MSSQL"", ""Microsoft IIS"", ""기술이 아님"", ""CSS""]",https://www.jumpit.co.kr/position/16597
백엔드 서버 개발자,브리치,백엔드,상시,,,"서울 강남구 역삼동 620 , L1 브리치
·",무관,"[""PHP"", ""CodeIgniter"", ""Laravel"", ""Redux"", ""Vue.JS"", ""Angular"", ""기술이 아님"", ""Git"", ""JavaScript""]",https://www.jumpit.co.kr/position/5421
백엔드 개발자 채용(주니어급),패션플러스,백엔드,2023-05-31,,,"경기 성남시 분당구 판교로 242, A동 1002호
·",고등학교졸업 이상,"[""MSSQL"", ""SASS"", ""JavaScript"", ""C#"", "".NET""]",https://www.jumpit.co.kr/position/16641
AI반도체 생태계 조성에 필요한 S/W 개발,두다지,백엔드,상시,,,"경기 성남시 분당구 대왕판교로645번길 12 9층 A06호
·",대학교졸업(4년) 이상,"[""C / C++"", ""Docker"", ""Kubernetes"", ""기술이 아님""]",https://www.jumpit.co.kr/position/16477
[신입/경력] 서버 네트워크 엔지니어,에이스랩,백엔드,상시,,,"서울 강남구 언주로 81길 13 4층
·",대학교졸업(4년) 이상(졸업예정자 가능),"[""C / C++"", ""Socket.IO"", ""Docker"", ""기술이 아님"", ""Linux""]",https://www.jumpit.co.kr/position/14240
[GMS] Test Automation Engineer,글로벌모터서비스,백엔드,상시,,,"서울 강남구 테헤란로 447, 14층
·",무관,"[""Python"", ""JavaScript"", ""Android Studio"", ""aws batch"", ""Linux""]",https://www.jumpit.co.kr/position/15642
서버/백엔드 신입 및 경력,라온로드,백엔드,상시,,,"경기 성남시 분당구 판교로 723B동 406-1호
·",대학교졸업(4년) 이상,"[""기술이 아님"", ""Go"", ""Python"", ""Java"", ""Node.js"", ""C / C++"", ""Oracle"", ""MSSQL"", ""MySQL"", ""PostgreSQL""]",https://www.jumpit.co.kr/position/16027
백엔드 개발자 모집,복지용구의료기,백엔드,상시,,,"전남 순천시 해룡면 순광로218 1층 (수)의료기
·",무관,"[""Python"", ""JavaScript"", ""MySQL"", ""Node.js"", ""Electron"", ""Selenium""]",https://www.jumpit.co.kr/position/14797
백엔드 개발자,오더체크,백엔드,상시,,,"서울 성동구 왕십리로 125, 4층 419호
·",무관,"[""Node.js"", ""Sequelize.js"", ""MySQL"", ""ExpressJS"", ""AWS""]",https://www.jumpit.co.kr/position/11624
[CARENATION] 백엔드 개발자(Php),에이치엠씨네트웍스,백엔드,상시,,,"서울 강남구 테헤란로8길 37(역삼동) 한동빌딩 5층
·",무관,"[""MySQL"", ""MariaDB"", ""HTML"", ""CSS"", ""jQuery"", ""Bootstrap"", ""Spring"", ""PHP""]",https://www.jumpit.co.kr/position/11538
클라우드/MSA/A.I. 플랫폼 개발자,시프트원,백엔드,상시,,,"서울 강남구 역삼로17길 9, 201호 / 동탄 (S전자) / 정자 (OO하이닉스)
·",대학교졸업(4년) 이상,"[""Kubernetes"", ""Python"", ""Go"", ""Git"", ""Argo"", ""Docker"", ""MSA""]",https://www.jumpit.co.kr/position/4334
서버/백엔드 개발자 정규직 신입 채용,디지타이드,백엔드,상시,,,"서울 종로구 사직로8길 34, 718호
·","대학졸업(2,3년) 이상","[""Linux"", ""C / C++""]",https://www.jumpit.co.kr/position/4664
[MiNER] 서버 개발자,마이너,백엔드,상시,,,"서울 관악구 호암로 597
·",무관,"[""JavaScript"", ""Node.js"", ""Flask"", ""Django"", ""Apache"", ""MySQL"", ""ExpressJS"", ""기술이 아님"", ""Git""]",https://www.jumpit.co.kr/position/8775
블록체인 엔지니어(Blockchain Engineer) 정규직 모집,스탬퍼,백엔드,상시,,,"서울 강남구 테헤란로20길 9, 10층
·",대학교졸업(4년) 이상(졸업예정자 가능),"[""Linux"", ""AWS"", ""GCP"", ""기술이 아님""]",https://www.jumpit.co.kr/position/13572
플랫폼 백엔드 개발자,111퍼센트,백엔드,상시,,,"서울 강남구 테헤란로 152, 33층
·",무관,"[""Node.js"", ""기술이 아님"", ""TypeScript"", ""NoSQL"", ""Nest.js"", ""MongoDB""]",https://www.jumpit.co.kr/position/7100
AI 인프라 서비스 개발자,애자일소다,백엔드,상시,,,"서울 강남구 선릉로 525 인포스톰 3층
·",무관,"[""Java"", ""Python"", ""TypeScript"", ""Spring"", ""Flask"", ""Node.js""]",https://www.jumpit.co.kr/position/16543
[팬플러스] 백엔드(Node.js) 개발자 병역특례_보충역 모집,팬마음,백엔드,상시,,,"서울 강남구 역삼로3길 17-6, 10층
·",무관,"[""기술이 아님"", ""AWS"", ""Node.js"", ""Git""]",https://www.jumpit.co.kr/position/9205
전자결제서비스(PG) PHP 개발자 모집,유디아이디,백엔드,상시,,,"서울 구로구 디지털로 26길 61, 1202호
·",무관,"[""PHP"", ""MySQL"", ""MongoDB"", ""Laravel"", ""Git"", ""JavaScript"", ""jQuery""]",https://www.jumpit.co.kr/position/7718
[PAY] C# 백엔드 개발자,콰가,백엔드,상시,,,"서울 강서구 마곡중앙로 165
·",무관,"[""기술이 아님"", ""MSSQL"", ""C#""]",https://www.jumpit.co.kr/position/3165
C# 개발자,넥서스커뮤니티,백엔드,상시,,,"서울 영등포구 여의대로 108 파크원 타워2 19층
·","대학졸업(2,3년) 이상","[""Oracle"", ""MariaDB"", ""C#"", ""기술이 아님"", ""Visual Studio""]",https://www.jumpit.co.kr/position/10619
[신입] 백엔드 개발자,엔엑스테크놀로지,백엔드,상시,,,"울산 울주군 범서읍 대리2길 57, 5층 (OS빌딩), 서울 마포구 월드컵북로 396 누리꿈스퀘어 R&D타워 1104호
·",무관,"[""Node.js"", ""MongoDB"", ""AWS"", ""Docker"", ""기술이 아님"", ""Java"", ""NoSQL"", ""Linux""]",https://www.jumpit.co.kr/position/7936
[인터뷰박스x알고리즘잡스] 부트캠프 IT강사 채용,에이블제이,백엔드,상시,,,"서울 강남구 테헤란로1길 28-9, 성은빌딩 4층
·",무관,"[""Java"", ""Spring"", ""MySQL"", ""jQuery"", ""AWS"", ""Mybatis""]",https://www.jumpit.co.kr/position/15895
블록체인 게임 플랫폼 백엔드 개발자,위메이드,백엔드,2023-05-31,,,"경기 성남시 분당구 대왕판교로644번길 49, 코리아벤처타운업무시설 비블럭
·",무관,"[""기술이 아님"", ""Go"", ""Java"", ""Node.js"", ""Golang""]",https://www.jumpit.co.kr/position/14808
[ESTsoft] 백엔드 개발자 (신입),이스트소프트,백엔드,상시,,,"서울 서초구 반포대로 3
·",무관,"[""Spring"", ""Java"", ""Kotlin"", ""Python"", ""MariaDB"", ""MongoDB"", ""Redis"", ""RabbitMQ""]",https://www.jumpit.co.kr/position/16756
보안 솔루션 및 플랫폼 개발자 채용,모니터랩,백엔드,상시,,,"서울 구로구 디지털로 27가길 27 아남빌딩 8, 9층
·",대학교졸업(4년) 이상(졸업예정자 가능),"[""C / C++"", ""Go"", ""Linux"", ""Kubernetes"", ""Docker"", ""Git"", ""Java"", ""Python""]",https://www.jumpit.co.kr/position/3973
Node 서버 개발자(병역특례_보충역 지원가능),아이티엘,백엔드,상시,,,"서울 서초구 바우뫼로 175, 4층,5층(양재동,창덕빌딩)
·",무관,"[""JavaScript"", ""Git"", ""Docker"", ""AWS"", ""MySQL"", ""Node.js""]",https://www.jumpit.co.kr/position/6609
JAVA 개발자 경력직 모집,에코앤파트너스,백엔드,상시,,,"서울 강서구 마곡중앙1로 14 (마곡동, M밸리 W TOWER Ⅳ) 6층
·",대학교졸업(4년) 이상,"[""Java"", ""JavaScript"", ""Spring"", ""Oracle"", ""MSSQL"", ""MySQL""]",https://www.jumpit.co.kr/position/14243
[웨이즈원] 내비게이션 지도 및 소프트웨어 개발,웨이즈원,백엔드,상시,,,"경기 의왕시 이미로 40, D동 521호
·",대학교졸업(4년) 이상,"[""C / C++"", ""기술이 아님""]",https://www.jumpit.co.kr/position/14471
[O2pluss] Back-end 개발자 추가 모집,오투플러스,백엔드,상시,,,"경기 용인시 수지구 신수로 767, A동 22층
·",무관,"[""PHP"", ""Laravel"", ""기술이 아님"", ""MySQL"", ""RabbitMQ"", ""ElasticSearch""]",https://www.jumpit.co.kr/position/6812
서버/백엔드 개발자 신입/경력 채용,써모랩코리아,백엔드,상시,,,"서울 강남구 강남대로 114길 8 (논현동) 능인빌딩 6층
·",무관,"[""Java"", ""Spring"", ""기술이 아님"", ""MySQL"", ""Git"", ""AWS""]",https://www.jumpit.co.kr/position/10739
백엔드(Node.js) 개발자,클라썸,백엔드,상시,,,"서울 강남구 테헤란로2길 27, 14층 1401호
·",대학교졸업(4년) 이상(졸업예정자 가능),"[""AWS"", ""GCP"", ""Node.js"", ""JavaScript"", ""TypeScript"", ""기술이 아님"", ""NoSQL"", ""Socket.IO"", ""MSA""]",https://www.jumpit.co.kr/position/13709
플랫폼 서버 개발,위메이드,백엔드,2023-05-31,,,"경기 성남시 분당구 대왕판교로644번길 49, 코리아벤처타운업무시설 비블럭
·",무관,"[""PHP"", ""Java"", ""Node.js"", ""기술이 아님"", ""MySQL"", ""AWS"", ""GCP"", ""Azure""]",https://www.jumpit.co.kr/position/12973
[H2OKOREA] 솔루션개발본부_백엔드 개발자,에이치투오호스피탈리티,백엔드,상시,,,"서울 강남구 논현로 98길 28, 2층(역삼동)
·",무관,"[""Java"", ""Spring"", ""MySQL"", ""MariaDB""]",https://www.jumpit.co.kr/position/15379
백엔드 개발자 채용,파인더스,백엔드,상시,,,"경기 성남시 수정구 복정로 9 경호빌딩 501호
·",무관,"[""Java"", ""Spring"", ""JPA"", ""MariaDB"", ""Nest.js"", ""MongoDB""]",https://www.jumpit.co.kr/position/16929
PC Application UX/UI 항공우주부품 시험 플랫폼 개발 및 유지관리,루미르,백엔드,상시,,,"경기 용인시 수지구 신수로 767, A동 1103호
·",대학교졸업(4년) 이상,"[""Java"", ""C / C++"", ""Python"", ""Flask""]",https://www.jumpit.co.kr/position/3397
블록체인 게임 플랫폼 스마트 컨트랙트 개발자,위메이드,백엔드,2023-05-31,,,"경기 성남시 분당구 대왕판교로644번길 49, 코리아벤처타운업무시설 비블럭
·",무관,"[""Solidity"", ""기술이 아님""]",https://www.jumpit.co.kr/position/14807
웹/서버 개발자,브로드웨이브,백엔드,상시,,,"서울 강서구 마곡중앙로 161-8 두산더랜드파크 B동 620호
·","대학졸업(2,3년) 이상","[""Java"", ""AWS"", ""MQTT"", ""Spring"", ""JavaScript"", ""Ajax"", ""HTML""]",https://www.jumpit.co.kr/position/8537
서버/백엔드 개발자 채용,원투씨엠,백엔드,상시,,,"서울 서초구 양재동 16-6
·",대학교졸업(4년) 이상(졸업예정자 가능),"[""Spring"", ""MySQL"", ""기술이 아님"", ""AWS"", ""Azure""]",https://www.jumpit.co.kr/position/8442
웹 백엔드 개발자,알고리고,백엔드,상시,,,"서울 강남구 봉은사로 319, 4층
·","대학졸업(2,3년) 이상(졸업예정자 가능)","[""Python"", ""Java"", ""Node.js"", ""AWS"", ""기술이 아님"", ""MySQL"", ""MariaDB"", ""PostgreSQL"", ""Oracle""]",https://www.jumpit.co.kr/position/16634
[신입/경력] Java 개발자 모집,유니원아이앤씨,백엔드,상시,,,"서울 영등포구 국회대로70길 19, 대하빌딩 9층
·",무관,"[""Java"", ""Spring"", ""MySQL"", ""HTML"", ""CSS"", ""JavaScript"", ""Mybatis""]",https://www.jumpit.co.kr/position/15821
웹 에이전시 PHP 및 JAVA 웹 개발자 모집,코워커넷,백엔드,상시,,,"서울 은평구 진흥로 182
·",무관,"[""PHP"", ""MySQL"", ""Laravel"", ""Linux"", ""CodeIgniter"", ""Java""]",https://www.jumpit.co.kr/position/2303
"PHP, React.js 개발자 모집",아트맵,백엔드,상시,,,"대구 광역시 북구 호암로 51 삼성창조캠퍼스 벤처오피스동 512호 아트맵
·",무관,"[""PHP"", ""React""]",https://www.jumpit.co.kr/position/8963
게임 플랫폼 백엔드 개발자,밸로프,백엔드,상시,,,"서울 금천구 디지털로130 601호
·",무관,"[""PHP"", ""MySQL"", ""CodeIgniter"", ""Laravel"", ""기술이 아님"", ""Git""]",https://www.jumpit.co.kr/position/13888
PHP 개발자 모집,아트맵,백엔드,상시,,,"대구 광역시 북구 호암로 51 삼성창조캠퍼스 벤처오피스동 512호 아트맵
·",무관,"[""PHP""]",https://www.jumpit.co.kr/position/9407
리눅스 서버 개발자(신입),아이페이지온,백엔드,상시,,,"서울 강남구 테헤란로14길5, 9층
·",대학교졸업(4년) 이상,"[""C / C++"", ""Linux"", ""기술이 아님""]",https://www.jumpit.co.kr/position/15942
게임엔진 엔지니어 백엔드 개발자,알리아스,백엔드,"경남 김해시 관동로 14, 경남콘텐츠기업지원센터 102호
지도보기·주소복사",,,,상시,"[""Unreal Engine"", ""Unity"", ""C / C++""]",https://www.jumpit.co.kr/position/1413
[연구실험장비] 소프트웨어 개발자(서버 개발),제이오텍,백엔드,상시,,,"대전 유성구 테크노2로 153
·",대학교졸업(4년) 이상,"[""Linux"", ""기술이 아님"", ""C / C++"", ""PHP"", ""HTML""]",https://www.jumpit.co.kr/position/16579
"WEB 프론트엔드 개발자 (웹대시보드, 웹관리자)",씨케이스택,프론트엔드,상시,,,"경기 성남시 분당구 판교로255번길 9-22, 510-1호 판교우림W-CITY
·",대학교졸업(4년) 이상,"[""React"", ""jQuery"", ""Vue.JS"", ""Swift"", ""Kotlin""]",https://www.jumpit.co.kr/position/1623
[JNPMEDI] 프론트엔드 개발자 신입 모집,제이앤피메디,프론트엔드,상시,,,"인천 연수구 컨벤시아대로 165, 포스코타워 송도 31층
·",무관,"[""React"", ""JSX"", ""SASS"", ""Git""]",https://www.jumpit.co.kr/position/10505
Front-end Developer 전문연구요원 채용 (석사_병역특례),스탠다임,프론트엔드,상시,,,"서울 강남구 논현로85길 70, 3층
·",석사졸업 이상,"[""ES6"", ""React"", ""D3.js"", ""Redux"", ""Webpack"", ""Babel"", ""기술이 아님"", ""Git""]",https://www.jumpit.co.kr/position/16863
[기그] 프론트엔드 개발자 채용,커넥트핏,프론트엔드,상시,,,"서울 영등포구 의사당대로 83, (오투타워) 여의도위워크 17층
·",무관,"[""Flutter"", ""SQLite"", ""fastlane"", ""gRPC"", ""Protobuf"", ""Git"", ""MQTT""]",https://www.jumpit.co.kr/position/4968
[IoTrust] 디센트 프론트엔드 개발,아이오트러스트,프론트엔드,상시,,,"서울 강남구 선릉로 747 삼성당빌딩 7층
·","대학졸업(2,3년) 이상","[""Node.js"", ""Vue.JS"", ""Webpack"", ""Babel"", ""기술이 아님"", ""Git"", ""Visual Studio Code"", ""HTML"", ""JavaScript"", ""CSS""]",https://www.jumpit.co.kr/position/11324
프론트엔드 개발자 채용,피아스페이스,프론트엔드,상시,,,"서울 서초구 태봉로 114 양재AI허브 5층, 8층 피아스페이스
·",대학교졸업(4년) 이상,"[""HTML"", ""CSS"", ""JavaScript"", ""React"", ""Vue.JS"", ""Angular"", ""기술이 아님"", ""Git"", ""TypeScript""]",https://www.jumpit.co.kr/position/16897
웹 프론트엔드 (신입),유리프트,프론트엔드,상시,,,"서울 강남구 강남대로 364 미왕빌딩 16층
·",무관,"[""React"", ""Git"", ""Next.js"", ""TypeScript"", ""Firebase"", ""HTML"", ""CSS"", ""JavaScript""]",https://www.jumpit.co.kr/position/12167
프론트엔드 개발자,더블미,프론트엔드,상시,,,"서울 중구 청계천로 24, 13층(케이스퀘어시티)
·",무관,"[""Vue.JS"", ""React"", ""기술이 아님"", ""TypeScript""]",https://www.jumpit.co.kr/position/16514
[서포티] Frontend 개발(신입/경력),린온컴퍼니,프론트엔드,상시,,,"서울 강남구 강남대로 364 13층 1302호
·",무관,"[""React"", ""Redux"", ""JavaScript"", ""HTML"", ""CSS"", ""React Native""]",https://www.jumpit.co.kr/position/8902
웹프론트엔드 및 백엔드 개발자 신입/경력 채용,엠투아이코퍼레이션,프론트엔드,상시,,,"경기 안양시 동안구 시민대로 327번길 11-35
·",대학교졸업(4년) 이상,"[""React"", ""Node.js""]",https://www.jumpit.co.kr/position/14544
[메셔] 프론트엔드 개발자,메셔,프론트엔드,상시,,,"서울 강남구 도산대로 57길 8 승원빌딩 5층
·",대학교졸업(4년) 이상(졸업예정자 가능),"[""JavaScript"", ""ES6"", ""React"", ""TypeScript"", ""HTML"", ""CSS""]",https://www.jumpit.co.kr/position/14889
[신입] 프론트엔드 개발자(flutter) 모집,띵킹프렌즈,프론트엔드,상시,,,"서울 강남구 역삼로 65길 15, 501호
·",대학교졸업(4년) 이상(졸업예정자 가능),"[""Flutter"", ""C#"", ""Python"", ""Git"", ""AWS"", ""Firebase""]",https://www.jumpit.co.kr/position/16222
[세이프에듀] php 프론트엔드 개발자 채용,새임,프론트엔드,상시,,,"서울 마포구 양화로 186 LC Tower 4층
·",고등학교졸업 이상,"[""PHP"", ""HTML"", ""CSS"", ""JavaScript"", ""MySQL"", ""Node.js"", ""Android Studio"", ""기술이 아님""]",https://www.jumpit.co.kr/position/12319
프론트엔드 개발자 채용,파인더스,프론트엔드,상시,,,"경기 성남시 수정구 복정로 9 경호빌딩 501호
·",무관,"[""React"", ""React Native"", ""HTML"", ""CSS"", ""SASS"", ""Redux""]",https://www.jumpit.co.kr/position/16932
프론트엔드 개발자,게임듀오,프론트엔드,상시,,,"경기 성남시 수정구 창업로 43 B동 907호
·",대학교졸업(4년) 이상,"[""CSS"", ""HTML"", ""JavaScript"", ""기술이 아님"", ""ES6"", ""React"", ""TypeScript""]",https://www.jumpit.co.kr/position/16880
웹 프론트엔드 개발자 병역특례 보충역 모집,팬마음,프론트엔드,상시,,,"서울 강남구 역삼로3길 17-6 , 10층
·",무관,"[""React"", ""JavaScript"", ""jQuery"", ""Node.js""]",https://www.jumpit.co.kr/position/14346
온라인 시식 커머스 플랫폼 식후경 프론트엔드 개발자,푼타컴퍼니,프론트엔드,상시,,,"서울 강동구 천호대로 1139 964호 (길동, 강동그린타워)
·",무관,"[""JavaScript"", ""React"", ""CSS"", ""HTML"", ""PHP"", ""Vue.JS"", ""기술이 아님"", ""jQuery""]",https://www.jumpit.co.kr/position/2481
플랫폼 서비스 개발 팀원,히비스,프론트엔드,상시,,,"서울 강동구 성내동 19 5층 502호
·",무관,"[""jQuery"", ""JavaScript"", ""ES6""]",https://www.jumpit.co.kr/position/1790
프론트엔드 경력 채용 (React),코드크레인,프론트엔드,상시,,,"서울 광진구 천호대로 537, 15층
·",대학교졸업(4년) 이상(졸업예정자 가능),"[""React"", ""Node.js"", ""MySQL"", ""JavaScript"", ""HTML"", ""CSS""]",https://www.jumpit.co.kr/position/9436
프론트엔드 개발자 모집,바로티나,프론트엔드,상시,,,"경기 성남시 분당구 황새울로 224, 920호
·",무관,"[""JavaScript"", ""React"", ""AWS"", ""Git"", ""Apache"", ""TypeScript"", ""MySQL"", ""Linux"", ""HTML"", ""CSS""]",https://www.jumpit.co.kr/position/2335
Flutter Front-end 개발자,파토스,프론트엔드,상시,,,"서울 구로구 디지털로30길 31 코오롱빌란트2차 10층 1009호
·",무관,"[""Flutter"", ""Dart"", ""Node.js"", ""기술이 아님"", ""Docker"", ""Git"", ""Android Studio""]",https://www.jumpit.co.kr/position/6517
웹 개발자 신입 채용,쿤텍,프론트엔드,상시,,,"경기 성남시 수정구 창업로 54, LH기업성장센터 나동 232호
·",무관,"[""Node.js"", ""Next.js"", ""React"", ""HTML"", ""CSS"", ""H2 Database"", ""MySQL"", ""MongoDB""]",https://www.jumpit.co.kr/position/16700
프론트엔드 개발자,아이트럭,프론트엔드,상시,,,"서울 서초구 동작대로 230, 10F (방배동 화련회관)
·",무관,"[""JavaScript"", ""Node.js"", ""Python"", ""SQL"", ""기술이 아님"", ""Kotlin"", ""Java""]",https://www.jumpit.co.kr/position/7085
블록체인 게임 플랫폼 백오피스 프론트엔드 개발자,위메이드,프론트엔드,2023-05-31,,,"경기 성남시 분당구 대왕판교로644번길 49, 코리아벤처타운업무시설 비블럭
·",무관,"[""React"", ""Socket.IO"", ""Figma"", ""Angular"", ""Vue.JS""]",https://www.jumpit.co.kr/position/16077
[신입] 웹 프론트엔드 개발자,엔엑스테크놀로지,프론트엔드,상시,,,"울산 울주군 범서읍 대리2길 57, 5층 (OS빌딩), 서울 마포구 월드컵북로 396 누리꿈스퀘어 R&D타워 1104호
·",무관,"[""HTML"", ""CSS"", ""JavaScript"", ""React"", ""Angular"", ""기술이 아님"", ""NoSQL""]",https://www.jumpit.co.kr/position/7937
프론트엔드 개발자 모집,복지용구의료기,프론트엔드,상시,,,"전남 순천시 해룡면 순광로218 1층 (수)의료기
·",무관,"[""HTML"", ""CSS"", ""JavaScript"", ""Electron""]",https://www.jumpit.co.kr/position/14796
웹 프론트엔드 개발자(병역특례_보충역 지원 가능),아이티엘,프론트엔드,상시,,,"서울 서초구 바우뫼로 175, 4층,5층(양재동,창덕빌딩)
·",무관,"[""JavaScript"", ""Git"", ""React"", ""Vue.JS"", ""HTML"", ""CSS""]",https://www.jumpit.co.kr/position/6608
Vue 프론트엔드 개발자,테이블엔조이,프론트엔드,상시,,,"서울 구로구 디지털로26길 111 제이앤케이디지털타워 401호
·",무관,"[""ES6"", ""Vue.JS"", ""Webpack"", ""Nuxt.js"", ""PM2"", ""TypeScript"", ""CSS"", ""SASS"", ""React"", ""JavaScript""]",https://www.jumpit.co.kr/position/14044
프론트엔드 개발자 채용,원투씨엠,프론트엔드,상시,,,"경기 성남시 분당구 판교로255번길 35 (판교실리콘파크) a동 5층
·",대학교졸업(4년) 이상,"[""Vue.JS"", ""JavaScript"", ""CSS"", ""HTML"", ""기술이 아님"", ""NGINX"", ""OAuth2""]",https://www.jumpit.co.kr/position/8443
[JNPMEDI] 풀스택 개발자 신입 모집,제이앤피메디,웹개발,상시,,,"인천 연수구 컨벤시아대로 165, 포스코타워 송도 31층
·",무관,"[""React"", ""TypeScript"", ""JSX"", ""SASS"", ""Git"", ""Node.js"", ""MySQL"", ""AWS""]",https://www.jumpit.co.kr/position/10506
[병역특례] 풀스택 개발 산업기능요원 모집,넛지헬스케어,웹개발,상시,,,"서울 강남구 역삼로1길 8
·",무관,"[""Node.js"", ""기술이 아님"", ""AWS"", ""Git"", ""Python"", ""JavaScript""]",https://www.jumpit.co.kr/position/12720
웹풀스택 개발자,이스트게임즈,웹개발,상시,,,"서울 서초구 반포대로 3, 5층
·",무관,"[""Java"", ""JavaScript"", ""jQuery"", ""Spring"", ""Python"", ""Django"", ""React"", ""HTML"", ""MySQL"", ""TypeScript""]",https://www.jumpit.co.kr/position/2035
ASP.NET 신입 개발자 모집,오엠티아이코리아,웹개발,2023-06-11,,,"서울 서초구 서초대로27길 54, 1층
·","대학졸업(2,3년) 이상(졸업예정자 가능)","[""ASP.NET"", ""JavaScript"", ""jQuery"", ""CSS"", ""HTML"", ""SQL 서버"", ""Azure"", ""Ajax"", ""Spring""]",https://www.jumpit.co.kr/position/15073
핀테크 관련 웹 개발자 채용 공고,디알엠인사이드,웹개발,2023-05-31,,,"서울 송파구 송파대로 167 1608,1609호(문정동, 문정역테라타워 1)
·",대학교졸업(4년) 이상(졸업예정자 가능),"[""Java"", ""JavaScript"", ""Git"", ""Spring"", ""TypeScript"", ""Angular"", ""CSS""]",https://www.jumpit.co.kr/position/16131
차세대 웹 콘텐츠 보안 솔루션 개발자 (신입/경력),디알엠인사이드,웹개발,2023-05-31,,,"서울 송파구 송파대로 167 1608,1609호(문정동, 문정역테라타워 1)
·",대학교졸업(4년) 이상(졸업예정자 가능),"[""Java"", ""JavaScript"", ""Spring"", ""HTML"", ""Git"", ""CSS""]",https://www.jumpit.co.kr/position/16629
"내부전산시스템 / WEB개발, 운영 모집",아이즈비전,웹개발,상시,,,"서울 동작구 여의대방로62길 1 2층
·","대학졸업(2,3년) 이상","[""PHP"", ""Oracle"", ""JavaScript"", ""Linux"", ""Git"", ""SQL"", ""jQuery""]",https://www.jumpit.co.kr/position/16541
웹 풀스택 개발자,지에이파트너스,웹개발,상시,,,"서울 구로구 디지털로34길55 코오롱싸이언스밸리2차 911호
·",무관,"[""PHP"", ""Java"", ""MySQL"", ""JavaScript"", ""Apache"", ""Linux""]",https://www.jumpit.co.kr/position/11826
AI 플랫폼컨설팅 프론트엔드 / 백엔드 개발자,애자일소다,웹개발,상시,,,"서울 강남구 선릉로 525 인포스톰 3층
·",무관,"[""JavaScript"", ""Node.js"", ""기술이 아님"", ""HTML"", ""CSS"", ""jQuery"", ""Oracle"", ""MySQL"", ""Java""]",https://www.jumpit.co.kr/position/16545
[협업툴 플로우] 엔터프라이즈 개발자 모집중,마드라스체크,웹개발,2023-06-06,,,"서울 영등포구 영신로 220, 14층 1410호
·",대학교졸업(4년) 이상(졸업예정자 가능),"[""Java"", ""JavaScript"", ""jQuery"", ""Node.js"", ""기술이 아님"", ""Linux"", ""AWS""]",https://www.jumpit.co.kr/position/14021
PHP 개발자,휴먼이즈,웹개발,상시,,,"서울 용산구 효창동 5-29 4층
·",무관,"[""PHP"", ""HTML"", ""CSS"", ""MySQL"", ""jquery""]",https://www.jumpit.co.kr/position/15530
"[AI 플랫폼 개발] AI(인공지능) 및 Node.js(Backend), React(Frontend) 풀스택 개발자 채용",판도플랫폼,웹개발,2023-05-30,,,"경기 성남시 분당구 정자일로 162 젤존타워2 801호
·",무관,"[""Node.js"", ""AWS"", ""NoSQL"", ""기술이 아님"", ""React"", ""Python""]",https://www.jumpit.co.kr/position/16206
[군산근무] 웹 & App 개발 및 운영자 (신입&경력),브이엔티지,웹개발,상시,,,"전북 군산시 외항로 522 브이엔티지
·",무관,"[""C#"", ""Flutter"", ""React"", ""React Native"", ""Python"", ""Django"", ""Oracle"", ""Git""]",https://www.jumpit.co.kr/position/16305
웹 개발자 신입 채용,쿤텍,웹개발,상시,,,"경기 성남시 수정구 창업로 54, LH기업성장센터 나동 232호
·",무관,"[""Node.js"", ""Next.js"", ""React"", ""HTML"", ""CSS"", ""H2 Database"", ""MySQL"", ""MongoDB""]",https://www.jumpit.co.kr/position/16700
"MSA 개발자(Spring Boot, Vue.JS) 채용",테이블엔조이,웹개발,상시,,,"서울 구로구 디지털로26길 111 제이앤케이디지털타워 401호
·",대학교졸업(4년) 이상,"[""Java"", ""Spring"", ""Vue.JS"", ""Azure"", ""MariaDB"", ""Git"", ""React"", ""TypeScript"", ""Angular"", ""MSA""]",https://www.jumpit.co.kr/position/13733
통합 보안 솔루션 개발자 채용,SGA솔루션즈,웹개발,상시,,,"서울 송파구 정의로8길9
·","대학졸업(2,3년) 이상(졸업예정자 가능)","[""Spring"", ""Java"", ""HTML"", ""CSS"", ""Apache""]",https://www.jumpit.co.kr/position/14957
[인터뷰박스x알고리즘잡스] 부트캠프 IT강사 채용,에이블제이,웹개발,상시,,,"서울 강남구 테헤란로1길 28-9, 성은빌딩 4층
·",무관,"[""Java"", ""Spring"", ""MySQL"", ""jQuery"", ""AWS"", ""Mybatis""]",https://www.jumpit.co.kr/position/15895
"[긴급] 웹개발자 모집합니다(jsp,java)",상록아이엔씨,웹개발,상시,,,"경기 부천시 중동로 248번길 71
·","대학졸업(2,3년) 이상","[""JSP"", ""Java"", ""JavaScript"", ""React"", ""Spring"", ""TypeScript"", ""ExpressJS""]",https://www.jumpit.co.kr/position/12030
웹개발자 채용,모니터랩,웹개발,상시,,,"서울 구로구 디지털로 27가길 27 아남빌딩 8, 9층
·",대학교졸업(4년) 이상,"[""PHP"", ""Linux"", ""PostgreSQL"", ""NGINX"", ""HTML"", ""JavaScript"", ""CSS"", ""Python"", ""기술이 아님""]",https://www.jumpit.co.kr/position/1061
C / Linux 개발자,모니터랩,웹개발,상시,,,"서울 구로구 디지털로 27가길 27 아남빌딩 8, 9층
·",무관,"[""C / C++"", ""Python"", ""Go"", ""Java"", ""JavaScript"", ""Linux"", ""기술이 아님""]",https://www.jumpit.co.kr/position/13302
엔터프라이즈 웹서비스 개발자(병역특례_보충역 지원 가능),아이티엘,웹개발,상시,,,"서울 서초구 바우뫼로 175, 4층,5층(양재동,창덕빌딩)
·",무관,"[""Java"", ""Python"", ""MySQL"", ""PostgreSQL"", ""Oracle"", ""NGINX"", ""Apache"", ""Scala"", ""Kotlin""]",https://www.jumpit.co.kr/position/12464
[HFR] Mobile NMS/EMS 개발,에치에프알,웹개발,상시,,,"경기 성남시 분당구 성남대로43번길 10(구미동), 5층
·","대학졸업(2,3년) 이상","[""Spring"", ""Java"", ""Nginx"", ""MariaDB"", ""MongoDB"", ""JavaScript"", ""jquery"", ""Angular"", ""Vue.JS"", ""React""]",https://www.jumpit.co.kr/position/15052
전자결제서비스(PG) 연동 PHP/REACT 개발자,시큐어,웹개발,상시,,,"서울 강남구 테헤란로 504 (대치동, 해성빌딩) 4층
·",무관,"[""PHP"", ""React"", ""기술이 아님""]",https://www.jumpit.co.kr/position/9361
솔루션 정책 관리용 웹애플리케이션 개발자,에스엔솔루션즈,웹개발,상시,,,"경북 안동시 천년숲서로 7-19
·","대학졸업(2,3년) 이상(졸업예정자 가능)","[""JavaScript"", ""SQL"", ""Django"", ""Flask"", ""Python""]",https://www.jumpit.co.kr/position/3773
웹 프로그래머(신입 및 경력),부산일보,웹개발,상시,,,"부산 동구 중앙대로 365
·",대학교졸업(4년) 이상(졸업예정자 가능),"[""PHP"", ""Java"", ""Apache"", ""Linux"", ""AWS"", ""JSP""]",https://www.jumpit.co.kr/position/15440
'PHP 웹 개발자' 채용합니다.,렌탈프랜드,웹개발,상시,,,"경기 고양시 일산동구 백마로 195, 제9001-5, 6, 7호(장항동, 엠시티타워&엠시티오피스텔)
·",무관,"[""PHP""]",https://www.jumpit.co.kr/position/5433
[군산근무] MES 시스템 프로그램 유지보수 및 개발 (신입/경력),브이엔티지,웹개발,상시,,,"전북 군산시 외항로 522 브이엔티지
·",무관,"[""C#"", ""Python"", ""Oracle"", ""C / C++"", ""MES"", "".NET"", ""MSSQL"", ""SQL"", ""기술이 아님""]",https://www.jumpit.co.kr/position/16950
[병역특례 지원 가능] 소프트웨어 개발 (BSP),드림에이스,모바일,2023-06-16,,,"서울 성동구 성수일로 19, 유한타워 1-3층, 8층
·",무관,"[""Linux"", ""Android Studio"", ""기술이 아님"", ""Embedded Linux"", ""C / C++""]",https://www.jumpit.co.kr/position/16004
[병역특례] 안드로이드 개발 산업기능요원 모집,넛지헬스케어,모바일,상시,,,"서울 강남구 역삼로1길 8
·",무관,"[""Kotlin"", ""기술이 아님"", ""Git"", ""Android Studio""]",https://www.jumpit.co.kr/position/12001
[패스오더] Android 개발자 (병역특례/산업기능요원/보충역/전직),페이타랩,모바일,상시,,,"서울 강남구 영동대로 85길 34, 6층
·",무관,"[""Java"", ""Kotlin"", ""Android Studio"", ""Git"", ""기술이 아님"", ""Notion"", ""Socket.IO""]",https://www.jumpit.co.kr/position/6947
안드로이드 개발자 채용,솔티드,모바일,상시,,,"경기 하남시 미사강변한강로 135 스카이폴리스 4층 다동 423호 424호
·",무관,"[""Kotlin"", ""Java"", ""Git"", ""Figma"", ""Android Studio""]",https://www.jumpit.co.kr/position/13407
안드로이드 개발자,티알,모바일,상시,,,"대전 유성구 대학로 99, 405호
·",무관,"[""Android Studio"", ""Kotlin"", ""Java"", ""Git""]",https://www.jumpit.co.kr/position/12488
안드로이드 앱 모듈 개발자,아이나비시스템즈,모바일,상시,,,"경기 성남시 분당구 판교역로 240
·",무관,"[""C / C++"", ""Java"", ""Android Studio"", ""기술이 아님""]",https://www.jumpit.co.kr/position/8188
모바일 앱 개발,코리아폴리스쿨,모바일,상시,,,"서울 송파구 송파대로 201, B동 4층
·",대학교졸업(4년) 이상,"[""Java"", ""Kotlin"", ""Swift"", ""Objective-C"", ""기술이 아님"", ""Android Studio""]",https://www.jumpit.co.kr/position/16287
안드로이드 개발자 정규직 신입 채용,디지타이드,모바일,상시,,,"서울 종로구 사직로8길 34, 718호
·","대학졸업(2,3년) 이상","[""Android Studio"", ""HTML""]",https://www.jumpit.co.kr/position/4662
[MiNER] 안드로이드 개발자,마이너,모바일,상시,,,"서울 관악구 호암로 597
·",무관,"[""Android Studio"", ""Kotlin"", ""OkHttp"", ""기술이 아님"", ""Git"", ""Java""]",https://www.jumpit.co.kr/position/2823
안드로이드 개발자 채용,모니터랩,모바일,상시,,,"서울 구로구 디지털로 27가길 27 아남빌딩 8, 9층
·",무관,"[""Java"", ""Kotlin"", ""Android Studio""]",https://www.jumpit.co.kr/position/14716
[베스텔라랩] 안드로이드 개발자,베스텔라랩,모바일,2023-05-31,,,"서울 마포구 백범로31길 21, 5층 530호(공덕동, 서울창업허브) / 경기 안양시 동안구 엘에스로116번길 118 안양2차 SKV1 926호 / 경기 성남시 수정구 대왕판교로815 849호
·","대학졸업(2,3년) 이상(졸업예정자 가능)","[""AWS"", ""Git"", ""Swift"", ""Kotlin"", ""Java"", ""Android Studio""]",https://www.jumpit.co.kr/position/5246
iOS/Android 신입 채용,코드크레인,모바일,상시,,,"서울 광진구 천호대로 537, 15층
·",대학교졸업(4년) 이상(졸업예정자 가능),"[""Swift"", ""Android Studio"", ""Kotlin""]",https://www.jumpit.co.kr/position/16815
WATA Inc Android 앱개발 직군 모집,WATA Inc.,모바일,상시,,,"경기 성남시 분당구 대왕판교로 670, 유스페이스2 B동 403호
·",석사졸업 이상,"[""Java"", ""Kotlin"", ""Android Studio"", ""C / C++""]",https://www.jumpit.co.kr/position/9068
Mobile APP S/W 개발자,엠브레인,모바일,상시,,,"경기 용인시 기흥구 서천로 201번길 11, 7층 제티-740호(농서동, 기흥테라타워 지식산업센터)
·",무관,"[""Android Studio"", ""Java"", ""Kotlin"", ""기술이 아님"", ""Swift"", ""Objective-C""]",https://www.jumpit.co.kr/position/11305
[아이센스] iOS 앱개발자 경력직 모집,아이센스(caresens),모바일,상시,,,"서울 서초구 반포대로28길 43
·",대학교졸업(4년) 이상,"[""Swift"", ""Objective-C""]",https://www.jumpit.co.kr/position/16220
[병역특례] iOS개발 산업기능요원 모집,넛지헬스케어,모바일,상시,,,"서울 강남구 역삼로1길 8
·",무관,"[""Swift"", ""기술이 아님"", ""Rxswift""]",https://www.jumpit.co.kr/position/11994
모바일 앱 개발,코리아폴리스쿨,모바일,상시,,,"서울 송파구 송파대로 201, B동 4층
·",대학교졸업(4년) 이상,"[""Java"", ""Kotlin"", ""Swift"", ""Objective-C"", ""기술이 아님"", ""Android Studio""]",https://www.jumpit.co.kr/position/16287
IOS 개발자 채용,러닝포인트,모바일,상시,,,"서울 마포구 마포대로 78, 11층 1116호
·","대학졸업(2,3년) 이상","[""기술이 아님"", ""Swift"", ""Socket.IO"", ""Firebase"", ""Git""]",https://www.jumpit.co.kr/position/13149
[베스텔라랩] iOS 개발자,베스텔라랩,모바일,2023-05-31,,,"경기 성남시 수정구 대왕판교로 815 849호
·","대학졸업(2,3년) 이상(졸업예정자 가능)","[""Spring"", ""AWS"", ""Git"", ""Swift"", ""Kotlin"", ""기술이 아님""]",https://www.jumpit.co.kr/position/5248
iOS/Android 신입 채용,코드크레인,모바일,상시,,,"서울 광진구 천호대로 537, 15층
·",대학교졸업(4년) 이상(졸업예정자 가능),"[""Swift"", ""Android Studio"", ""Kotlin""]",https://www.jumpit.co.kr/position/16815
IOS앱 개발 및 운영,바로티나,모바일,상시,,,"경기 성남시 분당구 황새울로 331번길 8(정자동,킨스타워), 8층 802호
·",무관,"[""Swift"", ""기술이 아님"", ""React"", ""Rxswift"", ""Firebase"", ""React Native""]",https://www.jumpit.co.kr/position/2251
Mobile APP S/W 개발자,엠브레인,모바일,상시,,,"경기 용인시 기흥구 서천로 201번길 11, 7층 제티-740호(농서동, 기흥테라타워 지식산업센터)
·",무관,"[""Android Studio"", ""Java"", ""Kotlin"", ""기술이 아님"", ""Swift"", ""Objective-C""]",https://www.jumpit.co.kr/position/11305
신입 iOS 코어개발자,잉카엔트웍스,모바일,상시,,,"서울 강남구 논현로 608 덕수빌딩 1층
·",대학교졸업(4년) 이상,"[""C / C++"", ""Java"", ""기술이 아님""]",https://www.jumpit.co.kr/position/16947
캐주얼게임 클라이언트개발,이스트게임즈,게임개발,상시,,,"서울 서초구 반포대로 3, 5층
·",무관,"[""Unity"", ""C#"", ""Java"", ""JavaScript"", ""C / C++""]",https://www.jumpit.co.kr/position/7455
게임클라이언트,이스트게임즈,게임개발,상시,,,"서울 서초구 반포대로 3, 5층
·",무관,"[""C / C++"", ""Unity"", ""Unreal Engine"", ""Swift"", ""Objective-C"", ""Kotlin"", ""Java"", ""JavaScript""]",https://www.jumpit.co.kr/position/2036
모바일 메타버스 클라이언트 개발자,라이프페스타,게임개발,상시,,,"서울 강남구 선릉로 428, 위워크 선릉 3호점
·",대학교졸업(4년) 이상(졸업예정자 가능),"[""C#"", ""C / C++"", ""AR"", ""WebGL"", ""OpenGL"", ""Unity"", ""기술이 아님"", ""Android Studio""]",https://www.jumpit.co.kr/position/6744
유니티 클라이언트 하이퍼캐주얼 게임 개발자,먼데이오프,게임개발,상시,,,"서울 강남구 봉은사로 465 아이타워 14층
·",무관,"[""Unity""]",https://www.jumpit.co.kr/position/16599
[곰앤컴퍼니 관계사] 언리얼 개발자 모집 (클라),코드스토리,게임개발,상시,,,"서울 구로구 디지털로242길 , 511호
·",무관,"[""C / C++"", ""Unreal Engine"", ""AWS""]",https://www.jumpit.co.kr/position/6097
로블록스 개발자,111퍼센트,게임개발,상시,,,"서울 강남구 테헤란로 152, 33층
·",무관,"[""Lua"", ""C / C++""]",https://www.jumpit.co.kr/position/15918
모바일 게임 유니티 개발자,아이엠파인,게임개발,상시,,,"서울 마포구 잔다리로 31, 4층, 5층
·",무관,"[""Unity"", ""C#"", ""기술이 아님""]",https://www.jumpit.co.kr/position/15966
개발 툴 프로그래머 모집,잔디소프트,게임개발,상시,,,"서울 영등포구 선유로52길 11, 6층
·",무관,"[""Lua"", ""HTML"", ""Node.js"", ""JavaScript"", ""C / C++"", ""기술이 아님"", ""Python""]",https://www.jumpit.co.kr/position/8855
언리얼엔진 클라이언트 개발자,버들,게임개발,상시,,,"서울 강남구 봉은사로 541 10층
·",무관,"[""C / C++"", ""Unreal Engine"", ""기술이 아님""]",https://www.jumpit.co.kr/position/15822
캐주얼게임 서버 개발 담당자,이스트게임즈,게임개발,상시,,,"서울 서초구 반포대로 3, 5층
·",무관,"[""Node.js"", ""MySQL"", ""MongoDB"", ""Linux"", ""C#"", ""C / C++"", ""Redis"", ""Git"", ""Jenkins""]",https://www.jumpit.co.kr/position/1649
게임서버,이스트게임즈,게임개발,상시,,,"서울 서초구 반포대로 3, 5층
·",무관,"[""C / C++"", ""Node.js"", ""MySQL"", ""Docker"", ""C#"", ""JavaScript"", ""Python""]",https://www.jumpit.co.kr/position/2038
모바일 메타버스 서버 개발자,라이프페스타,게임개발,상시,,,"서울 강남구 선릉로 428, 19층 104호
·",대학교졸업(4년) 이상(졸업예정자 가능),"[""Java"", ""MySQL"", ""Linux"", ""C / C++"", ""AWS"", ""Redis"", ""Azure"", ""Vert.x"", ""Go"", ""NoSQL""]",https://www.jumpit.co.kr/position/6745
Unity Client 개발자 모집,마이베네핏,게임개발,상시,,,"서울 서초구 신반포대로 241, 7호선 반포역사 안
·",무관,"[""Unity"", ""C / C++"", ""c#"", ""Git""]",https://www.jumpit.co.kr/position/15538
[위메이드XR] 서버 프로그래머,위메이드,게임개발,2023-05-31,,,"경기 성남시 분당구 대왕판교로644번길 49, 코리아벤처타운업무시설 비블럭
·",무관,"[""C / C++"", ""기술이 아님""]",https://www.jumpit.co.kr/position/12137
데이터프로세싱 개발자,에이모,DBA,상시,,,"경기 성남시 분당구 판교로228번길17,이랜텍동9층(삼평동,판교세븐벤쳐벨리2)
·",대학교졸업(4년) 이상,"[""Airflow"", ""Spark"", ""기술이 아님"", ""Python""]",https://www.jumpit.co.kr/position/13475
[해커스 교육그룹] DBA담당자(신입/경력),챔프스터디,DBA,상시,,,"서울 서초구 강남대로61길 23, 203호
·",고등학교졸업 이상,"[""Redis"", ""MySQL"", ""MariaDB"", ""SQL"", ""NoSQL"", ""MSSQL"", ""AWS"", ""기술이 아님"", ""Oracle"", ""Shell""]",https://www.jumpit.co.kr/position/12274
AI 개발자 채용,피아스페이스,DBA,상시,,,"서울 서초구 태봉로 114 양재AI허브 5층, 8층 피아스페이스
·",대학교졸업(4년) 이상,"[""Python"", ""NumPy"", ""Pandas"", ""기술이 아님"", ""Tensorflow"", ""PyTorch"", ""Git"", ""EDA"", ""FastAPI""]",https://www.jumpit.co.kr/position/16900
Junior Data Engineer,트릿지,데이터 엔지니어,2023-06-06,,,"서울 서초구 방배로 226, 1층,2층, 4층, 5층, 6층, 별관2층
·",대학교졸업(4년) 이상,"[""SQL"", ""Python"", ""AWS"", ""Hadoop"", ""Spark"", ""Kafka"", ""NoSQL"", ""기술이 아님"", ""Snowflake""]",https://www.jumpit.co.kr/position/15946
데이터 분석가 모집,게임듀오,데이터 엔지니어,상시,,,"경기 성남시 수정구 창업로 43 B동 907호
·",대학교졸업(4년) 이상(졸업예정자 가능),"[""SQL"", ""Python"", ""Superset"", ""Data Studio"", ""Tableau""]",https://www.jumpit.co.kr/position/16081
[캐시워크] 데이터분석 담당 (석사/박사),넛지헬스케어,데이터 엔지니어,상시,,,"서울 강남구 역삼로1길 8
·",석사졸업 이상,"[""SQL"", ""R"", ""Python"", ""Tableau"", ""Redash"", ""Notion"", ""기술이 아님""]",https://www.jumpit.co.kr/position/16350
데이터 사이언티스트 채용,온택트헬스,데이터 엔지니어,2023-05-31,,,"서울 서대문구 이화여대길 50-5 이룸타워 5층
·",대학교졸업(4년) 이상(졸업예정자 가능),"[""R"", ""기술이 아님"", ""Git"", ""Jira"", ""Confluence""]",https://www.jumpit.co.kr/position/1899
[코스닥상장사] 엑셈 데이터 사이언티스트 (신입),엑셈,데이터 엔지니어,상시,,,"서울 강서구 마곡중앙8로5길 40 엑셈
·",무관,"[""기술이 아님""]",https://www.jumpit.co.kr/position/16909
AI/빅데이터 - Data Scientist 연구개발 채용,비스텔리젼스,데이터 엔지니어,상시,,,"서울 서초구 바우뫼로 128
·",석사졸업 이상,"[""R"", ""Python"", ""MATLAB"", ""Tensorflow"", ""기술이 아님""]",https://www.jumpit.co.kr/position/15397
[전문연구요원] 컴퓨터비전 엔지니어,로민,AL/ML,상시,,,"서울 서초구 서초대로 396, 1707, 1702호(서초동, 강남빌딩
·",무관,"[""기술이 아님""]",https://www.jumpit.co.kr/position/15008
인공지능(AI) Data Scientist 채용(박사급),마인즈앤컴퍼니,AL/ML,상시,,,"서울 서초구 서초대로77길 17, 1308호
·",박사졸업(졸업예정자 가능),"[""기술이 아님"", ""Python"", ""PyTorch"", ""Tensorflow""]",https://www.jumpit.co.kr/position/4202
Machine Learning Engineer (강화학습),마키나락스,AL/ML,상시,,,"서울 서초구 강남대로 343, 12층
·",무관,"[""Python"", ""Tensorflow"", ""Pandas"", ""EDA"", ""PyTorch"", ""기술이 아님""]",https://www.jumpit.co.kr/position/12702
"이미지, 영상, NLP 분야 인공지능 개발자 모집",라온버드,AL/ML,2023-06-30,,,"경기 수원시 영통구 이의동 1279 401호
·",석사졸업 이상,"[""기술이 아님"", ""NLP"", ""Git""]",https://www.jumpit.co.kr/position/14430
AI R&D (Research and Development) Engineer (신입/전문연구요원 가능),이마고웍스,AL/ML,상시,,,"서울 강남구 강남대로 636
·",석사졸업 이상,"[""기술이 아님"", ""C / C++"", ""PyTorch"", ""Tensorflow""]",https://www.jumpit.co.kr/position/4463
[신입/경력] 비디오 코덱 엔지니어 채용,블루닷,AL/ML,상시,,,"서울 강남구 언주로 527, 4층
·",대학교졸업(4년) 이상,"[""Python"", ""Spring"", ""AWS"", ""C / C++"", ""Git""]",https://www.jumpit.co.kr/position/15100
[전문연구원] NPU Compiler Engineer,모빌린트,AL/ML,상시,,,"서울 강남구 테헤란로19길 5, 7층
·",석사졸업 이상(졸업예정자 가능),"[""Python"", ""C / C++"", ""Linux"", ""기술이 아님""]",https://www.jumpit.co.kr/position/10026
Deep Learning Research Engineer,모빌린트,AL/ML,상시,,,"서울 강남구 테헤란로19길 5, 7층
·",석사졸업 이상(졸업예정자 가능),"[""Python"", ""PyTorch"", ""Tensorflow"", ""기술이 아님"", ""C / C++""]",https://www.jumpit.co.kr/position/15824
머신러닝 엔지니어,온택트헬스,AL/ML,2023-05-31,,,"서울 서대문구 이화여대길 50-5 이룸타워 5층
·",대학교졸업(4년) 이상(졸업예정자 가능),"[""Python"", ""Java"", ""AWS"", ""GCP"", ""기술이 아님"", ""Linux"", ""Azure""]",https://www.jumpit.co.kr/position/6550
[전문연구요원] 자연어처리 엔지니어,로민,AL/ML,상시,,,"서울 서초구 서초대로 396, 1707, 1702호(서초동, 강남빌딩
·",무관,"[""기술이 아님""]",https://www.jumpit.co.kr/position/15010
[신입] 딥러닝 알고리즘 엔지니어,블루닷,AL/ML,상시,,,"서울 강남구 언주로 527, 4층
·",대학교졸업(4년) 이상,"[""기술이 아님"", ""PyTorch"", ""Tensorflow""]",https://www.jumpit.co.kr/position/15101
AI Engineer (ML/DL),데이터비,AL/ML,상시,,,"서울 마포구 백범로31길 21 서울창업허브 별관 404호
·",대학교졸업(4년) 이상,"[""Python"", ""PyTorch"", ""Tensorflow"", ""scikit-learn"", ""기술이 아님""]",https://www.jumpit.co.kr/position/16272
Deep Learning Optimization Engineer,모빌린트,AL/ML,상시,,,"서울 강남구 테헤란로19길 5, 7층
·",석사졸업 이상(졸업예정자 가능),"[""Python"", ""PyTorch"", ""Tensorflow"", ""기술이 아님"", ""C / C++""]",https://www.jumpit.co.kr/position/15823
AI 컴파일러 개발자 채용,티에스엔랩,AL/ML,상시,,,"경기 용인시 기흥구 기흥로 60-1
·","대학졸업(2,3년) 이상(졸업예정자 가능)","[""기술이 아님""]",https://www.jumpit.co.kr/position/16746
AI Engineer (NLP),데이터비,AL/ML,상시,,,"서울 마포구 백범로31길 21 서울창업허브 별관 404호
·",대학교졸업(4년) 이상,"[""Python"", ""기술이 아님"", ""NLP"", ""PyTorch"", ""Tensorflow"", ""scikit-learn""]",https://www.jumpit.co.kr/position/16765
[병역특례 전문연구요원] AI 엔지니어,테스트웍스,AL/ML,상시,,,"서울 송파구 백제고분로41길 41-29더블유, 123빌딩 3층/ 경기 화성시 삼성1로5길
·",석사졸업 이상,"[""기술이 아님"", ""Python"", ""Tensorflow"", ""Keras"", ""PyTorch"", ""OpenCV""]",https://www.jumpit.co.kr/position/15076
[병역특례 전문연구요원] Robot Vision 엔지니어,테스트웍스,AL/ML,상시,,,"서울 송파구 백제고분로41길 41-29더블유, 123빌딩 3층/ 경기 화성시 삼성1로5길
·",석사졸업 이상,"[""C / C++"", ""MATLAB"", ""PyTorch"", ""Tensorflow"", ""ROS"", ""기술이 아님"", ""Python"", ""caffe2""]",https://www.jumpit.co.kr/position/15077
머신러닝 소프트웨어 엔지니어,피플펀드컴퍼니,AL/ML,상시,,,"서울 서초구 서초대로74길 14, The Asset 16층
·",대학교졸업(4년) 이상,"[""기술이 아님"", ""AWS""]",https://www.jumpit.co.kr/position/4227
AI 개발자 채용,피아스페이스,AL/ML,상시,,,"서울 서초구 태봉로 114 양재AI허브 5층, 8층 피아스페이스
·",대학교졸업(4년) 이상,"[""Python"", ""NumPy"", ""Pandas"", ""기술이 아님"", ""Tensorflow"", ""PyTorch"", ""Git"", ""EDA"", ""FastAPI""]",https://www.jumpit.co.kr/position/16900
AI 개발자 채용,티에스엔랩,AL/ML,상시,,,"경기 용인시 기흥구 기흥로 60-1
·","대학졸업(2,3년) 이상(졸업예정자 가능)","[""Python"", ""기술이 아님"", ""PyTorch""]",https://www.jumpit.co.kr/position/16745
AI R&D 연구원,에너자이,AL/ML,상시,,,"서울 강남구 테헤란로431, 6층 6006호
·",고등학교졸업 이상(졸업예정자 가능),"[""PyTorch"", ""Python"", ""C / C++"", ""기술이 아님"", ""Keras"", ""Tensorflow""]",https://www.jumpit.co.kr/position/15248
가상발전소 플랫폼 데이터과학자(인공지능 개발자),에이치에너지,AL/ML,2023-05-31,,,"서울 강남구 학동로 402, 천마빌딩 5층
·",석사졸업 이상(졸업예정자 가능),"[""기술이 아님"", ""Python"", ""Linux"", ""Visual Studio""]",https://www.jumpit.co.kr/position/16416
[석사이상] AI Engineer,라온데이터,AL/ML,상시,,,"서울 중구 다동 남대문로9길 24 패스트파이브타워
·",석사졸업 이상(졸업예정자 가능),"[""Tensorflow"", ""PyTorch"", ""Linux"", ""Python"", ""기술이 아님""]",https://www.jumpit.co.kr/position/5411
비전검사 / 자동화 검사 / 인공지능 / 머신러닝 제어 개발자 정규직 채용,엔지온시스템,AL/ML,상시,,,"경기 화성시 삼성1로2길 29
·",무관,"[""기술이 아님"", ""c#"", "".net""]",https://www.jumpit.co.kr/position/15503
"머신러닝, 양자컴퓨팅 부문 개발자 채용(연봉 5,000~7,000/병역특례가능)",노르마,AL/ML,상시,,,"서울 성동구 아차산로15길 52 삼환디지털벤처타워 202~203호
·",대학교졸업(4년) 이상,"[""기술이 아님"", ""Linux"", ""Python"", ""PyTorch""]",https://www.jumpit.co.kr/position/15312
Planning & Control Engineer,뉴빌리티,AL/ML,상시,,,"서울 성동구 왕십리로 115, 2층
·",대학교졸업(4년) 이상,"[""C / C++"", ""ROS"", ""Linux"", ""기술이 아님""]",https://www.jumpit.co.kr/position/16575
연구소 AI / C++ 개발자 채용,다누시스,AL/ML,상시,,,"경기 광명시 일직동 514 GIDC C동 13층
·",대학교졸업(4년) 이상(졸업예정자 가능),"[""C / C++"", ""Python"", ""OpenCV"", ""MariaDB"", ""Tensorflow"", ""PyTorch""]",https://www.jumpit.co.kr/position/11268
AI(딥러닝) 연구 및 개발,뉴로다임,AL/ML,상시,,,"서울 성동구 성수일로 77 서울숲 IT 밸리 805호
·",대학교졸업(4년) 이상,"[""Linux"", ""Python"", ""Tensorflow"", ""Keras""]",https://www.jumpit.co.kr/position/3139
ML Engineer/Researcher 채용,에너자이,AL/ML,상시,,,"서울 강남구 테헤란로 431 6층 6006호(삼성동, 저스트코타워)
·",대학교졸업(4년) 이상(졸업예정자 가능),"[""Python"", ""PyTorch"", ""Tensorflow"", ""Keras"", ""기술이 아님""]",https://www.jumpit.co.kr/position/8951
영상처리 SW개발자,스카이오토넷,AL/ML,상시,,,"서울 서초구 논현로 145 수냐빌딩 4층
·",석사졸업 이상(졸업예정자 가능),"[""R"", ""ROS"", ""Linux"", ""기술이 아님"", ""Python"", ""C / C++"", ""Embedded Linux""]",https://www.jumpit.co.kr/position/13433
딥러닝 엔지니어(3D Reconstruction / Generation),한국딥러닝,AL/ML,2023-06-11,,,"서울 서초구 강남대로 527, 브랜드칸 타워 6층
·",무관,"[""Git"", ""PyTorch"", ""기술이 아님"", ""Docker"", ""Kubernetes""]",https://www.jumpit.co.kr/position/16556
딥러닝 엔지니어 개발자,펀진,AL/ML,상시,,,"서울 성동구 연무장5가길 7, 이스트동 13층
·",대학교졸업(4년) 이상(졸업예정자 가능),"[""Python"", ""C / C++"", ""Pandas"", ""PyTorch"", ""Tensorflow"", ""OpenCV"", ""기술이 아님""]",https://www.jumpit.co.kr/position/16871
[로봇스타트업] Robotics 엔지니어 모집,테솔로,AL/ML,상시,,,"인천 연수구 컨벤시아대로 165, 26층 브이454
·",대학교졸업(4년) 이상,"[""C / C++"", ""C#""]",https://www.jumpit.co.kr/position/16656
"[AI 플랫폼 개발] AI(인공지능) 및 Node.js(Backend), React(Frontend) 풀스택 개발자 채용",판도플랫폼,AL/ML,2023-05-30,,,"경기 성남시 분당구 정자일로 162 젤존타워2 801호
·",무관,"[""Node.js"", ""AWS"", ""NoSQL"", ""기술이 아님"", ""React"", ""Python""]",https://www.jumpit.co.kr/position/16206
ML Engineer,데이터메이커,AL/ML,상시,,,"대전 유성구 유성대로 871, 4-5층
·",대학교졸업(4년) 이상(졸업예정자 가능),"[""Python"", ""Ubuntu"", ""PyTorch"", ""Keras"", ""scikit-learn"", ""Git""]",https://www.jumpit.co.kr/position/6834
AI Researcher / Engineer,올거나이즈코리아,AL/ML,상시,,,"서울 강남구 도곡로3길 27 동일빌딩 12층
·",무관,"[""Keras"", ""Tensorflow"", ""PyTorch"", ""Kafka"", ""Redis"", ""기술이 아님""]",https://www.jumpit.co.kr/position/15276
딥러닝 엔지니어 채용,온택트헬스,AL/ML,2023-05-31,,,"서울 서대문구 이화여대길 50-5 이룸타워 5층
·",대학교졸업(4년) 이상(졸업예정자 가능),"[""Python"", ""R"", ""기술이 아님"", ""Git"", ""Jira"", ""Confluence""]",https://www.jumpit.co.kr/position/6493
Vision AI 연구원,엠에이치엔씨티,AL/ML,2023-06-30,,,"경기 하남시 미사대로 510, 아이에스비즈타워 722호
·",대학교졸업(4년) 이상(졸업예정자 가능),"[""기술이 아님"", ""Python""]",https://www.jumpit.co.kr/position/11410
머신러닝 엔진 API 디자인 및 개발,이글루코퍼레이션,AL/ML,2023-05-31,,,"서울 송파구 정의로8길 7
·",대학교졸업(4년) 이상(졸업예정자 가능),"[""Python"", ""Linux"", ""Keras"", ""Tensorflow"", ""Docker"", ""Kubernetes"", ""Hadoop"", ""기술이 아님""]",https://www.jumpit.co.kr/position/5978
[로봇스타트업] AI/비전 시스템 개발 엔지니어 모집,테솔로,AL/ML,상시,,,"인천 연수구 컨벤시아대로 165, 26층 브이454
·",대학교졸업(4년) 이상,"[""기술이 아님""]",https://www.jumpit.co.kr/position/16657
[SW] AI 자동화 기술 SW개발,덴티움,AL/ML,상시,,,"경기 수원시 영통구 창룡대로 256번길 76(이의동)
·",대학교졸업(4년) 이상,"[""Python"", ""기술이 아님"", ""Tensorflow"", ""PyTorch""]",https://www.jumpit.co.kr/position/16409
디지털헬스케어 플랫폼 AI 엔지니어 (병역특례 가능),엑소시스템즈,AL/ML,상시,,,"경기 성남시 수정구 창업로 54, LH기업성장센터
·",석사졸업 이상,"[""Tensorflow"", ""Python"", ""C / C++"", ""MATLAB"", ""기술이 아님""]",https://www.jumpit.co.kr/position/4447
인공지능/머신러닝 엔지니어 채용,액션파워,AL/ML,상시,,,"서울 관악구 남부순환로 1838, 11층
·",석사졸업 이상,"[""기술이 아님"", ""Python"", ""Tensorflow"", ""Linux"", ""Docker"", ""Git""]",https://www.jumpit.co.kr/position/10828
클라우드 / AI R&D 연구원(정부연구과제 전담(전문연구요원 가능)),오케스트로,AL/ML,상시,,,"서울 영등포구 여의대로 108 PARC1 NH금융타워(PARK ONE TOWER 2) 빌딩 43층
·",석사졸업 이상,"[""Python"", ""Jira"", ""R"", ""SQL"", ""기술이 아님"", ""Git""]",https://www.jumpit.co.kr/position/12803
알고리즘 개발자 (신입/경력),메디트,AL/ML,상시,,,"서울 영등포구 양평로 25길 8 어반 322
·","대학졸업(2,3년) 이상(졸업예정자 가능)","[""C / C++"", ""AWS"", ""기술이 아님"", ""OpenGL""]",https://www.jumpit.co.kr/position/14577
딥러닝 엔지니어(Generative 분야),폼즈,AL/ML,상시,,,"서울 구로구 디지털로33길 48
·",대학교졸업(4년) 이상(졸업예정자 가능),"[""Python"", ""기술이 아님"", ""PyTorch""]",https://www.jumpit.co.kr/position/13602
[자가진단] 자연어처리(NLP) 분야 인공지능(AI)/머신러닝 개발자 (신입가능),인포마이닝,AL/ML,상시,,,"서울 강남구 강남대로112길 32
·",대학교졸업(4년) 이상,"[""Python"", ""Tensorflow"", ""Keras"", ""Pandas"", ""scikit-learn"", ""NLP"", ""기술이 아님"", ""PyTorch""]",https://www.jumpit.co.kr/position/14295
머신비전 알고리즘 개발자,더블유지에스,AL/ML,상시,,,"경기 수원시 장안구 서부로 2066, 산학협력센터 85508호(천천동)
·",대학교졸업(4년) 이상,"[""OpenCV""]",https://www.jumpit.co.kr/position/15978
[리빌더AI] AI 모델 및 ML 시스템 관리,리빌더에이아이,AL/ML,상시,,,"서울 서초구 서초대로74길 14 더에셋 빌딩 18층
·",대학교졸업(4년) 이상(졸업예정자 가능),"[""기술이 아님""]",https://www.jumpit.co.kr/position/11247
"[신입 및 경력] 인공지능, 컴퓨터 비전기술(C++ 또는 C# 개발)",바이오커넥트,AL/ML,상시,,,"서울 서초구 남부순환로 2497 호서빌딩 8층
·",석사졸업 이상(졸업예정자 가능),"[""Python"", ""OpenCV"", ""기술이 아님"", ""C / C++"", ""C#""]",https://www.jumpit.co.kr/position/11015
"AI Data Scientist, AI 분석가",애자일소다,AL/ML,상시,,,"서울 강남구 선릉로 525 인포스톰 3층
·",대학교졸업(4년) 이상(졸업예정자 가능),"[""기술이 아님"", ""Python"", ""R"", ""Tensorflow"", ""PyTorch""]",https://www.jumpit.co.kr/position/16879
"(주)바이오커넥트 - [신입 및 경력] 영상처리 알고리즘 개발(Python,딥러닝)",바이오커넥트,AL/ML,상시,,,"서울 서초구 남부순환로 2497 호서빌딩 8층
·",대학교졸업(4년) 이상,"[""OpenCV"", ""기술이 아님"", ""Python""]",https://www.jumpit.co.kr/position/11313
[리빌더AI] AI 개발자 모집,리빌더에이아이,AL/ML,상시,,,"서울 서초구 성촌길 56
·",대학교졸업(4년) 이상,"[""Python"", ""C / C++"", ""기술이 아님""]",https://www.jumpit.co.kr/position/15928
[면접비 지급] 3D 머신비전 알고리즘 연구개발,트윔,AL/ML,2023-06-16,,,"경기 화성시 삼성1로 4길 7-4
·",대학교졸업(4년) 이상,"[""C / C++"", ""기술이 아님"", ""OpenCV""]",https://www.jumpit.co.kr/position/16717
동영상 비식별 소프트웨어 개발자,펜타시큐리티시스템,AL/ML,상시,,,"서울 영등포구 여의공원로 115, 세우빌딩 8층/9층
·",무관,"[""PyTorch"", ""Python"", ""OpenCV"", ""Git"", ""Mantis"", ""기술이 아님"", ""Jenkins"", ""Selenium""]",https://www.jumpit.co.kr/position/16941
"머신비전 영상처리 알고리즘, 머신러닝, 딥러닝, 컴퓨터비전",케이윈,AL/ML,상시,,,"전북 익산시 삼기면 산단오룡길 59
·",무관,"[""OpenCV"", ""C / C++"", ""C#"", ""기술이 아님""]",https://www.jumpit.co.kr/position/3548
딥러닝 영상 인식 Researcher 모집,앤씨앤,AL/ML,상시,,,"경기 성남시 분당구 판교로 323(삼평동, 벤처포럼빌딩) 9층
·",대학교졸업(4년) 이상,"[""Python"", ""C / C++"", ""기술이 아님""]",https://www.jumpit.co.kr/position/14755
"본사 시스템(하드웨어, 소프트웨어) 운영 정규직 채용",아이티로그,DevOps,상시,,,"서울 구로구 디지털로33길 28 우림이비지센터 1차 308호
·",고등학교졸업 이상,"[""기술이 아님"", ""Linux"", ""hw""]",https://www.jumpit.co.kr/position/15183
머신러닝 엔지니어,온택트헬스,DevOps,2023-05-31,,,"서울 서대문구 이화여대길 50-5 이룸타워 5층
·",대학교졸업(4년) 이상(졸업예정자 가능),"[""Python"", ""Java"", ""AWS"", ""GCP"", ""기술이 아님"", ""Linux"", ""Azure""]",https://www.jumpit.co.kr/position/6550
Python/DevOps 개발자 채용,티에스엔랩,DevOps,상시,,,"경기 용인시 기흥구 기흥로 60-1
·",고등학교졸업 이상(졸업예정자 가능),"[""Python"", ""Linux""]",https://www.jumpit.co.kr/position/15211
네트워크 프로토콜 개발자 채용,티에스엔랩,DevOps,상시,,,"경기 용인시 기흥구 기흥로 60-1
·","대학졸업(2,3년) 이상(졸업예정자 가능)","[""C / C++"", ""Rust"", ""Python"", ""기술이 아님"", ""Linux""]",https://www.jumpit.co.kr/position/15802
백엔드 개발자,더블미,DevOps,상시,,,"서울 중구 청계천로 24, 13층(케이스퀘어시티)
·",무관,"[""Node.js"", ""PostgreSQL"", ""AWS"", ""Git""]",https://www.jumpit.co.kr/position/16518
[알지티] Smart system engineer,알지티,DevOps,상시,,,"서울 금천구 벚꽃로 234, 에이스하이엔드타워 6차, 802호
·",대학교졸업(4년) 이상(졸업예정자 가능),"[""C / C++"", ""ROS""]",https://www.jumpit.co.kr/position/8687
[해커스 교육그룹] 클라우드 엔지니어 채용,챔프스터디,DevOps,상시,,,"서울 서초구 강남대로61길 23, 203호
·",고등학교졸업 이상,"[""Linux"", ""NoSQL"", ""Redis"", ""Redux"", ""Python"", ""PHP"", ""Java"", ""MySQL"", ""기술이 아님"", ""Cloud CMS""]",https://www.jumpit.co.kr/position/10459
[패스오더] DevOps Engineer (병역특례/산업기능요원/보충역/전직),페이타랩,DevOps,상시,,,"서울 강남구 영동대로 85길 34, 6층
·",무관,"[""AWS"", ""Jenkins"", ""Docker"", ""MSA""]",https://www.jumpit.co.kr/position/6949
IT관리 담당자 채용,케이에스엠,DevOps,상시,,,"경기 김포시 소래로 71
·","대학졸업(2,3년) 이상","[""기술이 아님"", ""Linux""]",https://www.jumpit.co.kr/position/13076
[부산] Google Cloud / Work space / 솔루션 기술팀 채용,넷킬러,DevOps,상시,,,"부산 남구 전포대로 133 BGIF 13층
·",무관,"[""GCP"", ""AWS"", ""기술이 아님""]",https://www.jumpit.co.kr/position/16211
온라인/모바일 게임서비스 시스템 엔지니어 (신입/경력),이스트게임즈,DevOps,상시,,,"서울 서초구 반포대로 3, 5층
·",무관,"[""Linux"", ""기술이 아님"", ""MySQL"", ""MSSQL"", ""Python"", ""Apache"", ""NGINX"", ""AWS""]",https://www.jumpit.co.kr/position/1366
[신입/경력] Linux 시스템 엔지니어,에이스랩,DevOps,상시,,,"서울 강남구 언주로 81길 13 4층
·",대학교졸업(4년) 이상(졸업예정자 가능),"[""C / C++"", ""GNU Bash"", ""Rust"", ""Shell"", ""AWS"", ""Python"", ""Linux""]",https://www.jumpit.co.kr/position/14241
[신입/경력] 자율주행 플랫폼 엔지니어,에이스랩,DevOps,상시,,,"서울 강남구 언주로 81길 13 4층
·",대학교졸업(4년) 이상(졸업예정자 가능),"[""Python"", ""C / C++"", ""Linux"", ""기술이 아님"", ""Git""]",https://www.jumpit.co.kr/position/8345
[신입] 시스템 관리 엔지니어,매니코어소프트,DevOps,상시,,,"서울 구로구 디지털로33길 11 에이스테크노타워8차
·",대학교졸업(4년) 이상(졸업예정자 가능),"[""Linux""]",https://www.jumpit.co.kr/position/14192
[서울] Google Cloud / Work space / 솔루션 기술팀 채용,넷킬러,DevOps,상시,,,"서울 중구 삼일대로 343, 8층
·",무관,"[""GCP"", ""AWS"", ""기술이 아님""]",https://www.jumpit.co.kr/position/16210
DEVOPS 엔지니어,바디프랜드,DevOps,상시,,,"서울 강남구 양재천로 163
·",대학교졸업(4년) 이상,"[""Docker"", ""Git"", ""ELK"", ""K8S"", ""Redmine"", ""Linux"", ""Kubernetes""]",https://www.jumpit.co.kr/position/3456
서버/네트워크 구축 및 유지보수,씨엔비지넷,DevOps,2023-07-31,,,"서울 서초구 서운로 138, 6층
·","대학졸업(2,3년) 이상(졸업예정자 가능)","[""Linux"", ""기술이 아님""]",https://www.jumpit.co.kr/position/13560
리눅스 엔지니어,오픈소스컨설팅,DevOps,상시,,,"서울 강남구 테헤란로83길 32, 5층
·",무관,"[""Linux"", ""Red Hat Enterprise Linux"", ""Ansible"", ""K8S"", ""Docker""]",https://www.jumpit.co.kr/position/10520
Network Engineer,에스피케이인크,DevOps,상시,,,"서울 용산구 대사관로 43
·",대학교졸업(4년) 이상(졸업예정자 가능),"[""기술이 아님""]",https://www.jumpit.co.kr/position/13693
클라우드 아키텍쳐 모집,알엠소프트,DevOps,2023-05-31,,,"서울 송파구 백제고분로7길 6-15
·",무관,"[""Java"", ""SASS"", ""Kubernetes"", ""MSA"", ""기술이 아님"", ""Docker""]",https://www.jumpit.co.kr/position/15870
아틀라시안 엔지니어,오픈소스컨설팅,DevOps,상시,,,"서울 강남구 테헤란로83길 32, 5층
·",무관,"[""Jira"", ""Confluence"", ""Bitbucket"", ""Linux"", ""Git"", ""Apache""]",https://www.jumpit.co.kr/position/3662
시스템 SW 개발자 경력/신입,쿤텍,DevOps,상시,,,"경기 성남시 수정구 창업로 54, LH기업성장센터 나동 232호
·",무관,"[""C / C++"", ""기술이 아님"", ""Linux""]",https://www.jumpit.co.kr/position/15624
[물류ERP] Win-SABIS 운영 및 유지보수 (VB6 개발자),한국비즈넷,DevOps,상시,,,"서울 구로구 디지털로29길 38, 301호(구로동, 에이스테크노타워3차)
·","대학졸업(2,3년) 이상(졸업예정자 가능)","[""Visual Basic"", ""MSSQL"", ""Visual Studio"", ""기술이 아님"", ""Java"", ""Spring""]",https://www.jumpit.co.kr/position/3841
K8S Product Support Engineer,에스피케이인크,DevOps,상시,,,"서울 용산구 대사관로 43
·",대학교졸업(4년) 이상(졸업예정자 가능),"[""Python"", ""Shell"", ""JavaScript""]",https://www.jumpit.co.kr/position/9765
devops / 시스템엔지니어,네트원정보통신,DevOps,상시,,,"서울 영등포구 여의도동 23 IFC몰 3번건물, 광화문 교보문구빌딩, 인천 연수수 송도동
·","대학졸업(2,3년) 이상","[""AWS"", ""Linux""]",https://www.jumpit.co.kr/position/10415
시스템 서버 엔지니어,열림데이타시스템,DevOps,상시,,,"서울 구로구 디지털로30길 28, 1206호
·","대학졸업(2,3년) 이상","[""Linux"", ""MSSQL"", ""MySQL"", ""Oracle"", ""기술이 아님""]",https://www.jumpit.co.kr/position/2676
IaaS 기술지원팀 채용,이노그리드,DevOps,상시,,,"서울 중구 을지로 100, B동 10층
·",대학교졸업(4년) 이상,"[""OpenStack"", ""Docker"", ""IBM Containers"", ""Linux"", ""Shell""]",https://www.jumpit.co.kr/position/13743
devops/시스템엔지니어 모집,인텍에프에이,DevOps,상시,,,"경기 용인시 기흥구 탑실로35번길 63
·",대학교졸업(4년) 이상,"[""Java"", ""C / C++"", ""Python"", ""Linux"", ""기술이 아님""]",https://www.jumpit.co.kr/position/14866
이동통신(5G Access System) 네트워크 엔지니어 신입 채용,지엔텔,DevOps,상시,,,"대전 중구 계룡로 825 8층
·","대학졸업(2,3년) 이상","[""기술이 아님""]",https://www.jumpit.co.kr/position/16119
시스템 엔지니어(신입),아이페이지온,DevOps,상시,,,"서울 강남구 테헤란로14길5, 9층
·","대학졸업(2,3년) 이상(졸업예정자 가능)","[""Linux""]",https://www.jumpit.co.kr/position/11118
컴퓨터 비전 및 임베디드 시스템 프로그래머 모집,아고스비전,DevOps,상시,,,"대전 유성구 유성대로 1689번길 8-7
·",대학교졸업(4년) 이상,"[""기술이 아님"", ""Linux""]",https://www.jumpit.co.kr/position/15437
네트워크 관리 운영,아주큐엠에스,DevOps,상시,,,"경기 용인시 수지구 용구대로 2771번길 85, 분당 IDC센터 4층 (신분당선 동천역)
·","대학졸업(2,3년) 이상(졸업예정자 가능)","[""기술이 아님""]",https://www.jumpit.co.kr/position/15487
매니지드 서비스,이노그리드,DevOps,상시,,,"서울 중구 을지로 100, B동 10층
·",무관,"[""Linux"", ""MSA"", ""기술이 아님""]",https://www.jumpit.co.kr/position/15837
AMR System & Platform Engineer/Researcher,시스콘,DevOps,상시,,,"인천 서구 로봇랜드로 155-30, 로봇R&D센터 4층
·",대학교졸업(4년) 이상(졸업예정자 가능),"[""ROS"", ""Docker"", ""OpenCV"", ""기술이 아님"", ""C / C++"", ""Python"", ""Linux"", ""Ubuntu""]",https://www.jumpit.co.kr/position/11839
Cloud 운영 개발자 모집,지니언스,DevOps,상시,,,"경기 안양시 동안구 벌말로 66 평촌역 하이필드 A동 12층
·",무관,"[""Kubernetes"", ""AWS"", ""Linux"", ""Docker"", ""Terraform""]",https://www.jumpit.co.kr/position/15975
[청년친화강소기업] 케이웨더㈜ 데브옵스 채용,케이웨더,DevOps,상시,,,"서울 구로구 디지털로26길 5
·",무관,"[""Docker"", ""Kubernetes"", ""K8S"", ""Hadoop"", ""HBase""]",https://www.jumpit.co.kr/position/13731
System Engineer,오비이랩,DevOps,상시,,,"서울 강남구 테헤란로 312 13층
·",석사졸업 이상,"[""Python"", ""MATLAB"", ""MCU"", ""기술이 아님""]",https://www.jumpit.co.kr/position/16940
딥러닝 엔지니어(3D Reconstruction / Generation),한국딥러닝,VR/AR/3D,2023-06-11,,,"서울 서초구 강남대로 527, 브랜드칸 타워 6층
·",무관,"[""Git"", ""PyTorch"", ""기술이 아님"", ""Docker"", ""Kubernetes""]",https://www.jumpit.co.kr/position/16556
Unity 3D 개발자,라온메디,VR/AR/3D,상시,,,"경기 성남시 분당구 판교로 723 B동 404호
·",대학교졸업(4년) 이상(졸업예정자 가능),"[""Unity"", ""C#"", ""기술이 아님""]",https://www.jumpit.co.kr/position/13986
unreal 엔진 기반 AR 개발자,몽타미디어,VR/AR/3D,상시,,,"서울 마포구 연남로13길9
·",무관,"[""Unreal Engine"", ""AR"", ""기술이 아님""]",https://www.jumpit.co.kr/position/13482
[면접비 지급] 3D 머신비전 알고리즘 연구개발,트윔,VR/AR/3D,2023-06-16,,,"경기 화성시 삼성1로 4길 7-4
·",대학교졸업(4년) 이상,"[""C / C++"", ""기술이 아님"", ""OpenCV""]",https://www.jumpit.co.kr/position/16717
[신입/경력] STO 플랫폼 서비스 블록체인 개발,블록체인글로벌,블록체인,2023-07-31,,,"서울 영등포구 여의나루로 57, 신송센터빌딩 10층
·","대학졸업(2,3년) 이상","[""Java"", ""Kotlin"", ""Docker"", ""Kubernetes"", ""Hyperledger Fabric"", ""Go"", ""Node.js"", ""Solidity""]",https://www.jumpit.co.kr/position/16841
블록체인 엔지니어(Blockchain Engineer) 정규직 모집,스탬퍼,블록체인,상시,,,"서울 강남구 테헤란로20길 9, 10층
·",대학교졸업(4년) 이상(졸업예정자 가능),"[""Linux"", ""AWS"", ""GCP"", ""기술이 아님""]",https://www.jumpit.co.kr/position/13572
블록체인 게임 플랫폼 백오피스 프론트엔드 개발자,위메이드,블록체인,2023-05-31,,,"경기 성남시 분당구 대왕판교로644번길 49, 코리아벤처타운업무시설 비블럭
·",무관,"[""React"", ""Socket.IO"", ""Figma"", ""Angular"", ""Vue.JS""]",https://www.jumpit.co.kr/position/16077
블록체인 게임 플랫폼 백엔드 개발자,위메이드,블록체인,2023-05-31,,,"경기 성남시 분당구 대왕판교로644번길 49, 코리아벤처타운업무시설 비블럭
·",무관,"[""기술이 아님"", ""Go"", ""Java"", ""Node.js"", ""Golang""]",https://www.jumpit.co.kr/position/14808
블록체인 게임 플랫폼 스마트 컨트랙트 개발자,위메이드,블록체인,2023-05-31,,,"경기 성남시 분당구 대왕판교로644번길 49, 코리아벤처타운업무시설 비블럭
·",무관,"[""Solidity"", ""기술이 아님""]",https://www.jumpit.co.kr/position/14807
언리얼엔진 클라이언트 개발자,버들,블록체인,상시,,,"서울 강남구 봉은사로 541 10층
·",무관,"[""C / C++"", ""Unreal Engine"", ""기술이 아님""]",https://www.jumpit.co.kr/position/15822
